/home/zongfan2/Documents/ECE549_project/CUB_200_2011/CUB_200_2011/images/194.Cactus_Wren/Cactus_Wren_0034_185817.jpg,194.Cactus_Wren,/home/zongfan2/Documents/ECE549_project/bird_seg/194.Cactus_Wren/Cactus_Wren_0034_185817.png
/home/zongfan2/Documents/ECE549_project/CUB_200_2011/CUB_200_2011/images/122.Harris_Sparrow/Harris_Sparrow_0071_116476.jpg,122.Harris_Sparrow,/home/zongfan2/Documents/ECE549_project/bird_seg/122.Harris_Sparrow/Harris_Sparrow_0071_116476.png
/home/zongfan2/Documents/ECE549_project/CUB_200_2011/CUB_200_2011/images/102.Western_Wood_Pewee/Western_Wood_Pewee_0069_98299.jpg,102.Western_Wood_Pewee,/home/zongfan2/Documents/ECE549_project/bird_seg/102.Western_Wood_Pewee/Western_Wood_Pewee_0069_98299.png
/home/zongfan2/Documents/ECE549_project/CUB_200_2011/CUB_200_2011/images/003.Sooty_Albatross/Sooty_Albatross_0023_796401.jpg,003.Sooty_Albatross,/home/zongfan2/Documents/ECE549_project/bird_seg/003.Sooty_Albatross/Sooty_Albatross_0023_796401.png
/home/zongfan2/Documents/ECE549_project/CUB_200_2011/CUB_200_2011/images/014.Indigo_Bunting/Indigo_Bunting_0085_11991.jpg,014.Indigo_Bunting,/home/zongfan2/Documents/ECE549_project/bird_seg/014.Indigo_Bunting/Indigo_Bunting_0085_11991.png
/home/zongfan2/Documents/ECE549_project/CUB_200_2011/CUB_200_2011/images/067.Anna_Hummingbird/Anna_Hummingbird_0113_56296.jpg,067.Anna_Hummingbird,/home/zongfan2/Documents/ECE549_project/bird_seg/067.Anna_Hummingbird/Anna_Hummingbird_0113_56296.png
/home/zongfan2/Documents/ECE549_project/CUB_200_2011/CUB_200_2011/images/014.Indigo_Bunting/Indigo_Bunting_0015_12632.jpg,014.Indigo_Bunting,/home/zongfan2/Documents/ECE549_project/bird_seg/014.Indigo_Bunting/Indigo_Bunting_0015_12632.png
/home/zongfan2/Documents/ECE549_project/CUB_200_2011/CUB_200_2011/images/102.Western_Wood_Pewee/Western_Wood_Pewee_0061_795060.jpg,102.Western_Wood_Pewee,/home/zongfan2/Documents/ECE549_project/bird_seg/102.Western_Wood_Pewee/Western_Wood_Pewee_0061_795060.png
/home/zongfan2/Documents/ECE549_project/CUB_200_2011/CUB_200_2011/images/122.Harris_Sparrow/Harris_Sparrow_0067_116707.jpg,122.Harris_Sparrow,/home/zongfan2/Documents/ECE549_project/bird_seg/122.Harris_Sparrow/Harris_Sparrow_0067_116707.png
/home/zongfan2/Documents/ECE549_project/CUB_200_2011/CUB_200_2011/images/014.Indigo_Bunting/Indigo_Bunting_0005_13832.jpg,014.Indigo_Bunting,/home/zongfan2/Documents/ECE549_project/bird_seg/014.Indigo_Bunting/Indigo_Bunting_0005_13832.png
/home/zongfan2/Documents/ECE549_project/CUB_200_2011/CUB_200_2011/images/194.Cactus_Wren/Cactus_Wren_0027_185893.jpg,194.Cactus_Wren,/home/zongfan2/Documents/ECE549_project/bird_seg/194.Cactus_Wren/Cactus_Wren_0027_185893.png
/home/zongfan2/Documents/ECE549_project/CUB_200_2011/CUB_200_2011/images/194.Cactus_Wren/Cactus_Wren_0085_185515.jpg,194.Cactus_Wren,/home/zongfan2/Documents/ECE549_project/bird_seg/194.Cactus_Wren/Cactus_Wren_0085_185515.png
/home/zongfan2/Documents/ECE549_project/CUB_200_2011/CUB_200_2011/images/194.Cactus_Wren/Cactus_Wren_0016_185582.jpg,194.Cactus_Wren,/home/zongfan2/Documents/ECE549_project/bird_seg/194.Cactus_Wren/Cactus_Wren_0016_185582.png
/home/zongfan2/Documents/ECE549_project/CUB_200_2011/CUB_200_2011/images/003.Sooty_Albatross/Sooty_Albatross_0048_1130.jpg,003.Sooty_Albatross,/home/zongfan2/Documents/ECE549_project/bird_seg/003.Sooty_Albatross/Sooty_Albatross_0048_1130.png
/home/zongfan2/Documents/ECE549_project/CUB_200_2011/CUB_200_2011/images/188.Pileated_Woodpecker/Pileated_Woodpecker_0060_180443.jpg,188.Pileated_Woodpecker,/home/zongfan2/Documents/ECE549_project/bird_seg/188.Pileated_Woodpecker/Pileated_Woodpecker_0060_180443.png
/home/zongfan2/Documents/ECE549_project/CUB_200_2011/CUB_200_2011/images/112.Great_Grey_Shrike/Great_Grey_Shrike_0064_106778.jpg,112.Great_Grey_Shrike,/home/zongfan2/Documents/ECE549_project/bird_seg/112.Great_Grey_Shrike/Great_Grey_Shrike_0064_106778.png
/home/zongfan2/Documents/ECE549_project/CUB_200_2011/CUB_200_2011/images/003.Sooty_Albatross/Sooty_Albatross_0054_796347.jpg,003.Sooty_Albatross,/home/zongfan2/Documents/ECE549_project/bird_seg/003.Sooty_Albatross/Sooty_Albatross_0054_796347.png
/home/zongfan2/Documents/ECE549_project/CUB_200_2011/CUB_200_2011/images/067.Anna_Hummingbird/Anna_Hummingbird_0052_56344.jpg,067.Anna_Hummingbird,/home/zongfan2/Documents/ECE549_project/bird_seg/067.Anna_Hummingbird/Anna_Hummingbird_0052_56344.png
/home/zongfan2/Documents/ECE549_project/CUB_200_2011/CUB_200_2011/images/188.Pileated_Woodpecker/Pileated_Woodpecker_0118_180138.jpg,188.Pileated_Woodpecker,/home/zongfan2/Documents/ECE549_project/bird_seg/188.Pileated_Woodpecker/Pileated_Woodpecker_0118_180138.png
/home/zongfan2/Documents/ECE549_project/CUB_200_2011/CUB_200_2011/images/122.Harris_Sparrow/Harris_Sparrow_0056_116532.jpg,122.Harris_Sparrow,/home/zongfan2/Documents/ECE549_project/bird_seg/122.Harris_Sparrow/Harris_Sparrow_0056_116532.png
/home/zongfan2/Documents/ECE549_project/CUB_200_2011/CUB_200_2011/images/003.Sooty_Albatross/Sooty_Albatross_0022_796398.jpg,003.Sooty_Albatross,/home/zongfan2/Documents/ECE549_project/bird_seg/003.Sooty_Albatross/Sooty_Albatross_0022_796398.png
/home/zongfan2/Documents/ECE549_project/CUB_200_2011/CUB_200_2011/images/067.Anna_Hummingbird/Anna_Hummingbird_0086_56495.jpg,067.Anna_Hummingbird,/home/zongfan2/Documents/ECE549_project/bird_seg/067.Anna_Hummingbird/Anna_Hummingbird_0086_56495.png
/home/zongfan2/Documents/ECE549_project/CUB_200_2011/CUB_200_2011/images/003.Sooty_Albatross/Sooty_Albatross_0038_1065.jpg,003.Sooty_Albatross,/home/zongfan2/Documents/ECE549_project/bird_seg/003.Sooty_Albatross/Sooty_Albatross_0038_1065.png
/home/zongfan2/Documents/ECE549_project/CUB_200_2011/CUB_200_2011/images/102.Western_Wood_Pewee/Western_Wood_Pewee_0054_97982.jpg,102.Western_Wood_Pewee,/home/zongfan2/Documents/ECE549_project/bird_seg/102.Western_Wood_Pewee/Western_Wood_Pewee_0054_97982.png
/home/zongfan2/Documents/ECE549_project/CUB_200_2011/CUB_200_2011/images/194.Cactus_Wren/Cactus_Wren_0025_185696.jpg,194.Cactus_Wren,/home/zongfan2/Documents/ECE549_project/bird_seg/194.Cactus_Wren/Cactus_Wren_0025_185696.png
/home/zongfan2/Documents/ECE549_project/CUB_200_2011/CUB_200_2011/images/067.Anna_Hummingbird/Anna_Hummingbird_0001_56960.jpg,067.Anna_Hummingbird,/home/zongfan2/Documents/ECE549_project/bird_seg/067.Anna_Hummingbird/Anna_Hummingbird_0001_56960.png
/home/zongfan2/Documents/ECE549_project/CUB_200_2011/CUB_200_2011/images/194.Cactus_Wren/Cactus_Wren_0123_186068.jpg,194.Cactus_Wren,/home/zongfan2/Documents/ECE549_project/bird_seg/194.Cactus_Wren/Cactus_Wren_0123_186068.png
/home/zongfan2/Documents/ECE549_project/CUB_200_2011/CUB_200_2011/images/112.Great_Grey_Shrike/Great_Grey_Shrike_0057_106681.jpg,112.Great_Grey_Shrike,/home/zongfan2/Documents/ECE549_project/bird_seg/112.Great_Grey_Shrike/Great_Grey_Shrike_0057_106681.png
/home/zongfan2/Documents/ECE549_project/CUB_200_2011/CUB_200_2011/images/194.Cactus_Wren/Cactus_Wren_0120_185956.jpg,194.Cactus_Wren,/home/zongfan2/Documents/ECE549_project/bird_seg/194.Cactus_Wren/Cactus_Wren_0120_185956.png
/home/zongfan2/Documents/ECE549_project/CUB_200_2011/CUB_200_2011/images/112.Great_Grey_Shrike/Great_Grey_Shrike_0071_106861.jpg,112.Great_Grey_Shrike,/home/zongfan2/Documents/ECE549_project/bird_seg/112.Great_Grey_Shrike/Great_Grey_Shrike_0071_106861.png
/home/zongfan2/Documents/ECE549_project/CUB_200_2011/CUB_200_2011/images/122.Harris_Sparrow/Harris_Sparrow_0083_116588.jpg,122.Harris_Sparrow,/home/zongfan2/Documents/ECE549_project/bird_seg/122.Harris_Sparrow/Harris_Sparrow_0083_116588.png
/home/zongfan2/Documents/ECE549_project/CUB_200_2011/CUB_200_2011/images/003.Sooty_Albatross/Sooty_Albatross_0006_796390.jpg,003.Sooty_Albatross,/home/zongfan2/Documents/ECE549_project/bird_seg/003.Sooty_Albatross/Sooty_Albatross_0006_796390.png
/home/zongfan2/Documents/ECE549_project/CUB_200_2011/CUB_200_2011/images/102.Western_Wood_Pewee/Western_Wood_Pewee_0030_98272.jpg,102.Western_Wood_Pewee,/home/zongfan2/Documents/ECE549_project/bird_seg/102.Western_Wood_Pewee/Western_Wood_Pewee_0030_98272.png
/home/zongfan2/Documents/ECE549_project/CUB_200_2011/CUB_200_2011/images/194.Cactus_Wren/Cactus_Wren_0116_185927.jpg,194.Cactus_Wren,/home/zongfan2/Documents/ECE549_project/bird_seg/194.Cactus_Wren/Cactus_Wren_0116_185927.png
/home/zongfan2/Documents/ECE549_project/CUB_200_2011/CUB_200_2011/images/188.Pileated_Woodpecker/Pileated_Woodpecker_0013_180746.jpg,188.Pileated_Woodpecker,/home/zongfan2/Documents/ECE549_project/bird_seg/188.Pileated_Woodpecker/Pileated_Woodpecker_0013_180746.png
/home/zongfan2/Documents/ECE549_project/CUB_200_2011/CUB_200_2011/images/112.Great_Grey_Shrike/Great_Grey_Shrike_0003_106552.jpg,112.Great_Grey_Shrike,/home/zongfan2/Documents/ECE549_project/bird_seg/112.Great_Grey_Shrike/Great_Grey_Shrike_0003_106552.png
/home/zongfan2/Documents/ECE549_project/CUB_200_2011/CUB_200_2011/images/003.Sooty_Albatross/Sooty_Albatross_0058_796360.jpg,003.Sooty_Albatross,/home/zongfan2/Documents/ECE549_project/bird_seg/003.Sooty_Albatross/Sooty_Albatross_0058_796360.png
/home/zongfan2/Documents/ECE549_project/CUB_200_2011/CUB_200_2011/images/014.Indigo_Bunting/Indigo_Bunting_0063_11820.jpg,014.Indigo_Bunting,/home/zongfan2/Documents/ECE549_project/bird_seg/014.Indigo_Bunting/Indigo_Bunting_0063_11820.png
/home/zongfan2/Documents/ECE549_project/CUB_200_2011/CUB_200_2011/images/102.Western_Wood_Pewee/Western_Wood_Pewee_0053_98186.jpg,102.Western_Wood_Pewee,/home/zongfan2/Documents/ECE549_project/bird_seg/102.Western_Wood_Pewee/Western_Wood_Pewee_0053_98186.png
/home/zongfan2/Documents/ECE549_project/CUB_200_2011/CUB_200_2011/images/188.Pileated_Woodpecker/Pileated_Woodpecker_0125_179971.jpg,188.Pileated_Woodpecker,/home/zongfan2/Documents/ECE549_project/bird_seg/188.Pileated_Woodpecker/Pileated_Woodpecker_0125_179971.png
/home/zongfan2/Documents/ECE549_project/CUB_200_2011/CUB_200_2011/images/112.Great_Grey_Shrike/Great_Grey_Shrike_0092_797048.jpg,112.Great_Grey_Shrike,/home/zongfan2/Documents/ECE549_project/bird_seg/112.Great_Grey_Shrike/Great_Grey_Shrike_0092_797048.png
/home/zongfan2/Documents/ECE549_project/CUB_200_2011/CUB_200_2011/images/014.Indigo_Bunting/Indigo_Bunting_0039_12756.jpg,014.Indigo_Bunting,/home/zongfan2/Documents/ECE549_project/bird_seg/014.Indigo_Bunting/Indigo_Bunting_0039_12756.png
/home/zongfan2/Documents/ECE549_project/CUB_200_2011/CUB_200_2011/images/014.Indigo_Bunting/Indigo_Bunting_0034_12464.jpg,014.Indigo_Bunting,/home/zongfan2/Documents/ECE549_project/bird_seg/014.Indigo_Bunting/Indigo_Bunting_0034_12464.png
/home/zongfan2/Documents/ECE549_project/CUB_200_2011/CUB_200_2011/images/188.Pileated_Woodpecker/Pileated_Woodpecker_0059_180177.jpg,188.Pileated_Woodpecker,/home/zongfan2/Documents/ECE549_project/bird_seg/188.Pileated_Woodpecker/Pileated_Woodpecker_0059_180177.png
/home/zongfan2/Documents/ECE549_project/CUB_200_2011/CUB_200_2011/images/122.Harris_Sparrow/Harris_Sparrow_0081_116574.jpg,122.Harris_Sparrow,/home/zongfan2/Documents/ECE549_project/bird_seg/122.Harris_Sparrow/Harris_Sparrow_0081_116574.png
/home/zongfan2/Documents/ECE549_project/CUB_200_2011/CUB_200_2011/images/194.Cactus_Wren/Cactus_Wren_0008_186083.jpg,194.Cactus_Wren,/home/zongfan2/Documents/ECE549_project/bird_seg/194.Cactus_Wren/Cactus_Wren_0008_186083.png
/home/zongfan2/Documents/ECE549_project/CUB_200_2011/CUB_200_2011/images/122.Harris_Sparrow/Harris_Sparrow_0001_116398.jpg,122.Harris_Sparrow,/home/zongfan2/Documents/ECE549_project/bird_seg/122.Harris_Sparrow/Harris_Sparrow_0001_116398.png
/home/zongfan2/Documents/ECE549_project/CUB_200_2011/CUB_200_2011/images/003.Sooty_Albatross/Sooty_Albatross_0030_1122.jpg,003.Sooty_Albatross,/home/zongfan2/Documents/ECE549_project/bird_seg/003.Sooty_Albatross/Sooty_Albatross_0030_1122.png
